mass;intensity;brutto;N_COOH;N_OH_total;N_OH;missing_dmet;missing_dacet
292.0948128653258;1000.0;C14H19N3S2;1;1;1;[];[]
416.31377249160346;1000.0;C22H47N3S2;1;1;1;[];[]
537.1973028385618;1000.0;C18H38O14N2S;2;3;3;[];[]
